,Pregnancies,Glucose,BloodPressure,SkinThickness,Insulin,BMI,DiabetesPedigreeFunction,Age,Outcome
count,768.0,763.0,733.0,541.0,394.0,757.0,768.0,768.0,768.0
mean,3.8450520833333335,121.6867627785059,72.40518417462484,29.153419593345657,155.5482233502538,32.457463672391015,0.47187630208333325,33.240885416666664,0.3489583333333333
std,3.3695780626988694,30.53564107280403,12.38215821010526,10.476982369987208,118.77585518724518,6.924988332105903,0.3313285950127749,11.760231540678685,0.47695137724279896
min,0.0,44.0,24.0,7.0,14.0,18.2,0.078,21.0,0.0
25%,1.0,99.0,64.0,22.0,76.25,27.5,0.24375,24.0,0.0
50%,3.0,117.0,72.0,29.0,125.0,32.3,0.3725,29.0,0.0
75%,6.0,141.0,80.0,36.0,190.0,36.6,0.62625,41.0,1.0
max,17.0,199.0,122.0,99.0,846.0,67.1,2.42,81.0,1.0
