accuracy,precision,recall,f1,roc_auc
0.7207792207792207,0.5846153846153846,0.7037037037037037,0.6386554621848739,0.8105555555555556
