{
  "best_model": "logreg",
  "best_cv_roc_auc": 0.8449363233665558,
  "test_metrics": {
    "accuracy": 0.7207792207792207,
    "precision": 0.5846153846153846,
    "recall": 0.7037037037037037,
    "f1": 0.6386554621848739,
    "roc_auc": 0.8105555555555556
  }
}